,pct,alg,data,nClusters,nComponents,reden,gamma,avgNMI,stdNMI,avgPMI,stdPMI,avgF1,stdF1,avgCA,stdCA,avgARI
0,0.0,wKSVD,ACM,3,1000,doc,3.840749154252516e-05,0.0013016661723878884,9.779931653019362e-05,0.07847951206950533,0.011114413742163974,0.5935857640495547,0.0011773211273881337,0.33362685294503475,2.487844082415805e-05,2.352809745062899e-05
1,0.1,wKSVD,ACM,3,3,doc,3.840749154252516e-05,0.003961937082602463,0.003975016130998763,0.08343504090818704,0.0014346199471309494,0.5913804861100633,0.003981302614813404,0.3335723687087323,0.0005247984945994372,0.00040159369999119056
2,0.1,wKSVD,ACM,3,18,doc,3.840749154252516e-05,0.0013611421548154078,1.3884127581296833e-05,0.08232766418080281,0.0012440434824959926,0.5939674441286407,6.2514365360654184e-06,0.33363072281254097,1.4929774339010637e-05,5.034169060386156e-05
3,0.1,wKSVD,ACM,3,1000,doc,0.0003840749154252516,0.0012228155851415577,0.00017349718135087238,0.08992044459055808,0.025278084197157165,0.5939555789934926,0.0003780009169806901,0.3336304167213258,2.8137794705325806e-05,-3.4758327232404e-05
